<?xml version="1.0" encoding="utf-8"?>
<odoo>
    <!-- Kitchen screen group for cook-->
    <record model="ir.module.category" id="module_category_pos_kitchen_screen_odoo">
        <field name="name">Pos Kitchen Screen</field>
        <field name="description">Kitchen Access Groups</field>
        <field name="sequence">20</field>
    </record>

    <record id="kitchen_cook" model="res.groups">
        <field name="name">Kitchen Cook</field>
        <field name="category_id"
               ref="pos_kitchen_screen_odoo.module_category_pos_kitchen_screen_odoo"/>
    </record>
</odoo>